10279,2013/11/15 10:00,55
10279,2013/11/15 11:00,57
10279,2013/11/15 12:00,54
10279,2013/11/15 13:00,56
10279,2013/11/15 14:00,52
10279,2013/11/15 15:00,52
10279,2013/11/15 16:00,50
10279,2013/11/15 17:00,51
10279,2013/11/15 18:00,56
10279,2013/11/15 19:00,59
10279,2013/11/15 20:00,61
10279,2013/11/15 21:00,61
10279,2013/11/15 22:00,62
10279,2013/11/15 23:00,56
10279,2013/11/16 00:00,52
10279,2013/11/16 01:00,51
10279,2013/11/16 02:00,51
10279,2013/11/16 03:00,49
10279,2013/11/16 04:00,43
10279,2013/11/16 05:00,36
10279,2013/11/16 06:00,36
10279,2013/11/16 07:00,42
10279,2013/11/16 08:00,42
10279,2013/11/16 09:00,44
10279,2013/11/16 10:00,51
10279,2013/11/16 11:00,44
10279,2013/11/16 12:00,35
10279,2013/11/16 13:00,35
10279,2013/11/16 14:00,38
10279,2013/11/16 15:00,29
10279,2013/11/16 16:00,26
10279,2013/11/16 17:00,37
10279,2013/11/16 18:00,51
10279,2013/11/16 19:00,53
10279,2013/11/16 20:00,52
10279,2013/11/16 21:00,57
10279,2013/11/16 22:00,63
10279,2013/11/16 23:00,54
10279,2013/11/17 00:00,53
10279,2013/11/17 01:00,50
10279,2013/11/17 02:00,51
10279,2013/11/17 03:00,50
10279,2013/11/17 04:00,47
10279,2013/11/17 05:00,41
10279,2013/11/17 06:00,28
10279,2013/11/17 07:00,26
10279,2013/11/17 08:00,31
10279,2013/11/17 09:00,39
10279,2013/11/17 10:00,31
10279,2013/11/17 11:00,21
10279,2013/11/17 12:00,22
10279,2013/11/17 13:00,24
10279,2013/11/17 14:00,20
10279,2013/11/17 15:00,20
10279,2013/11/17 16:00,18
10279,2013/11/17 17:00,29
10279,2013/11/17 18:00,39
10279,2013/11/17 19:00,48
10279,2013/11/17 20:00,53
10279,2013/11/17 21:00,54
10279,2013/11/17 22:00,51
10279,2013/11/17 23:00,47
10279,2013/11/18 00:00,48
10279,2013/11/18 01:00,55
10279,2013/11/18 02:00,57
10279,2013/11/18 03:00,55
10279,2013/11/18 04:00,51
10279,2013/11/18 05:00,49
10279,2013/11/18 06:00,47
10279,2013/11/18 07:00,48
10279,2013/11/18 08:00,43
10279,2013/11/18 09:00,49
10279,2013/11/18 10:00,47
10279,2013/11/18 11:00,49
10279,2013/11/18 12:00,45
10279,2013/11/18 13:00,42
10279,2013/11/18 14:00,38
10279,2013/11/18 15:00,42
10279,2013/11/18 16:00,46
10279,2013/11/18 17:00,52
10279,2013/11/18 18:00,55
10279,2013/11/18 19:00,53
10279,2013/11/18 20:00,57
10279,2013/11/18 21:00,58
10279,2013/11/18 22:00,58
10279,2013/11/18 23:00,53
10279,2013/11/19 00:00,46
10279,2013/11/19 01:00,44
10279,2013/11/19 02:00,40
10279,2013/11/19 03:00,37
10279,2013/11/19 04:00,32
10279,2013/11/19 05:00,32
10279,2013/11/19 06:00,31
10279,2013/11/19 07:00,35
10279,2013/11/19 08:00,40
10279,2013/11/19 09:00,49
10279,2013/11/19 10:00,46
10279,2013/11/19 11:00,50
10279,2013/11/19 12:00,54
10279,2013/11/19 13:00,56
10279,2013/11/19 14:00,58
10279,2013/11/19 15:00,59
10279,2013/11/19 16:00,58
10279,2013/11/19 17:00,56
10279,2013/11/19 18:00,62
10279,2013/11/19 19:00,60
10279,2013/11/19 20:00,56
10279,2013/11/19 21:00,49
10279,2013/11/19 22:00,45
10279,2013/11/19 23:00,43
10279,2013/11/20 00:00,44
10279,2013/11/20 01:00,43
10279,2013/11/20 02:00,47
10279,2013/11/20 03:00,45
10279,2013/11/20 04:00,37
10279,2013/11/20 05:00,40
10279,2013/11/20 06:00,41
10279,2013/11/20 07:00,41
10279,2013/11/20 08:00,38
10279,2013/11/20 09:00,42
10279,2013/11/20 10:00,44
10279,2013/11/20 11:00,37
10279,2013/11/20 12:00,33
10279,2013/11/20 13:00,39
10279,2013/11/20 14:00,38
10279,2013/11/20 15:00,36
10279,2013/11/20 16:00,35
10279,2013/11/20 17:00,59
10279,2013/11/20 18:00,73
10279,2013/11/20 19:00,65
10279,2013/11/20 20:00,66
10279,2013/11/20 21:00,69
10279,2013/11/20 22:00,63
10279,2013/11/20 23:00,58
10279,2013/11/21 00:00,54
10279,2013/11/21 01:00,44
10279,2013/11/21 02:00,37
10279,2013/11/21 03:00,32
10279,2013/11/21 04:00,27
10279,2013/11/21 05:00,28
10279,2013/11/21 06:00,28
10279,2013/11/21 07:00,35
10279,2013/11/21 08:00,41
10279,2013/11/21 09:00,49
10279,2013/11/21 10:00,50
10279,2013/11/21 11:00,50
10279,2013/11/21 12:00,44
10279,2013/11/21 13:00,42
10279,2013/11/21 14:00,38
10279,2013/11/21 15:00,32
10279,2013/11/21 16:00,32
10279,2013/11/21 17:00,33
10279,2013/11/21 18:00,29
10279,2013/11/21 19:00,29
10279,2013/11/21 20:00,28
10279,2013/11/21 21:00,27
10279,2013/11/21 22:00,23
10279,2013/11/21 23:00,24
10279,2013/11/22 00:00,28
10279,2013/11/22 01:00,20
10279,2013/11/22 02:00,20
10279,2013/11/22 03:00,21
10279,2013/11/22 04:00,28
10279,2013/11/22 05:00,34
10279,2013/11/22 06:00,33
10279,2013/11/22 07:00,36
10279,2013/11/22 08:00,65
10279,2013/11/22 09:00,69
10279,2013/11/22 10:00,66
10279,2013/11/22 11:00,68
10279,2013/11/22 12:00,66
10279,2013/11/22 13:00,70
10279,2013/11/22 14:00,61
10279,2013/11/22 15:00,62
10279,2013/11/22 16:00,63
10279,2013/11/22 17:00,70
10279,2013/11/22 18:00,69
10279,2013/11/22 19:00,71
10279,2013/11/22 20:00,74
10279,2013/11/22 21:00,76
10279,2013/11/22 22:00,64
10279,2013/11/22 23:00,59
10279,2013/11/23 00:00,50
10279,2013/11/23 01:00,47
10279,2013/11/23 02:00,50
10279,2013/11/23 03:00,53
10279,2013/11/23 04:00,49
10279,2013/11/23 05:00,45
10279,2013/11/23 06:00,43
10279,2013/11/23 07:00,45
10279,2013/11/23 08:00,53
10279,2013/11/23 09:00,57
10279,2013/11/23 10:00,54
10279,2013/11/23 11:00,64
10279,2013/11/23 12:00,72
10279,2013/11/23 13:00,50
10279,2013/11/23 14:00,41
10279,2013/11/23 15:00,43
10279,2013/11/23 16:00,49
10279,2013/11/23 17:00,50
10279,2013/11/23 18:00,58
10279,2013/11/23 19:00,59
10279,2013/11/23 20:00,55
10279,2013/11/23 21:00,59
10279,2013/11/23 22:00,62
10279,2013/11/23 23:00,58
10279,2013/11/24 00:00,54
10279,2013/11/24 01:00,55
10279,2013/11/24 02:00,53
10279,2013/11/24 03:00,51
10279,2013/11/24 04:00,55
10279,2013/11/24 05:00,49
10279,2013/11/24 06:00,47
10279,2013/11/24 07:00,48
10279,2013/11/24 08:00,51
10279,2013/11/24 09:00,55
10279,2013/11/24 10:00,55
10279,2013/11/24 11:00,48
10279,2013/11/24 12:00,43
10279,2013/11/24 13:00,41
10279,2013/11/24 14:00,32
10279,2013/11/24 15:00,22
10279,2013/11/24 16:00,21
10279,2013/11/24 17:00,37
10279,2013/11/24 18:00,58
10279,2013/11/24 19:00,62
10279,2013/11/24 20:00,49
10279,2013/11/24 21:00,47
10279,2013/11/24 22:00,47
10279,2013/11/24 23:00,49
10279,2013/11/25 00:00,49
10279,2013/11/25 01:00,40
10279,2013/11/25 02:00,36
10279,2013/11/25 03:00,35
10279,2013/11/25 04:00,32
10279,2013/11/25 05:00,32
10279,2013/11/25 06:00,33
10279,2013/11/25 07:00,38
10279,2013/11/25 08:00,48
10279,2013/11/25 09:00,94
10279,2013/11/25 10:00,118
10279,2013/11/25 11:00,109
10279,2013/11/25 12:00,103
10279,2013/11/25 13:00,65
10279,2013/11/25 14:00,41
10279,2013/11/25 15:00,37
10279,2013/11/25 16:00,41
10279,2013/11/25 17:00,52
10279,2013/11/25 18:00,63
10279,2013/11/25 19:00,71
10279,2013/11/25 20:00,91
10279,2013/11/25 21:00,88
10279,2013/11/25 22:00,81
10279,2013/11/25 23:00,43
10279,2013/11/26 00:00,37
10279,2013/11/26 01:00,29
10279,2013/11/26 02:00,27
10279,2013/11/26 03:00,22
10279,2013/11/26 04:00,22
10279,2013/11/26 05:00,24
10279,2013/11/26 06:00,38
10279,2013/11/26 07:00,58
10279,2013/11/26 08:00,64
10279,2013/11/26 09:00,88
10279,2013/11/26 10:00,87
10279,2013/11/26 11:00,54
10279,2013/11/26 12:00,53
10279,2013/11/26 13:00,66
10279,2013/11/26 14:00,45
10279,2013/11/26 15:00,39
10279,2013/11/26 16:00,46
10279,2013/11/26 17:00,58
10279,2013/11/26 18:00,74
10279,2013/11/26 19:00,90
10279,2013/11/26 20:00,94
10279,2013/11/26 21:00,98
10279,2013/11/26 22:00,95
10279,2013/11/26 23:00,81
10279,2013/11/27 00:00,82
10279,2013/11/27 01:00,83
10279,2013/11/27 02:00,82
10279,2013/11/27 03:00,77
10279,2013/11/27 04:00,75
10279,2013/11/27 05:00,71
10279,2013/11/27 06:00,67
10279,2013/11/27 07:00,67
10279,2013/11/27 08:00,76
10279,2013/11/27 09:00,96
10279,2013/11/27 10:00,186
10279,2013/11/27 11:00,149
10279,2013/11/27 12:00,123
10279,2013/11/27 13:00,108
10279,2013/11/27 14:00,90
10279,2013/11/27 15:00,80
10279,2013/11/27 16:00,65
10279,2013/11/27 17:00,61
10279,2013/11/27 18:00,64
10279,2013/11/27 19:00,66
10279,2013/11/27 20:00,67
10279,2013/11/27 21:00,73
10279,2013/11/27 22:00,73
10279,2013/11/27 23:00,66
10279,2013/11/28 00:00,68
10279,2013/11/28 01:00,72
10279,2013/11/28 02:00,65
10279,2013/11/28 03:00,61
10279,2013/11/28 04:00,60
10279,2013/11/28 05:00,53
10279,2013/11/28 06:00,47
10279,2013/11/28 07:00,48
10279,2013/11/28 08:00,51
10279,2013/11/28 09:00,52
10279,2013/11/28 10:00,59
10279,2013/11/28 11:00,49
10279,2013/11/28 12:00,43
10279,2013/11/28 13:00,35
10279,2013/11/28 14:00,33
10279,2013/11/28 15:00,36
10279,2013/11/28 16:00,38
10279,2013/11/28 17:00,49
10279,2013/11/28 18:00,56
10279,2013/11/28 19:00,61
10279,2013/11/28 20:00,59
10279,2013/11/28 21:00,60
10279,2013/11/28 22:00,57
10279,2013/11/28 23:00,56
10279,2013/11/29 00:00,57
10279,2013/11/29 01:00,59
10279,2013/11/29 02:00,57
10279,2013/11/29 03:00,54
10279,2013/11/29 04:00,51
10279,2013/11/29 05:00,47
10279,2013/11/29 06:00,48
10279,2013/11/29 07:00,52
10279,2013/11/29 08:00,64
10279,2013/11/29 09:00,77
10279,2013/11/29 10:00,83
10279,2013/11/29 11:00,94
10279,2013/11/29 12:00,91
10279,2013/11/29 13:00,79
10279,2013/11/29 14:00,72
10279,2013/11/29 15:00,70
10279,2013/11/29 16:00,73
10279,2013/11/29 17:00,70
10279,2013/11/29 18:00,73
10279,2013/11/29 19:00,76
10279,2013/11/29 20:00,80
10279,2013/11/29 21:00,74
10279,2013/11/29 22:00,80
10279,2013/11/29 23:00,90
10279,2013/11/30 00:00,77
10279,2013/11/30 01:00,75
10279,2013/11/30 02:00,72
10279,2013/11/30 03:00,71
10279,2013/11/30 04:00,65
10279,2013/11/30 05:00,63
10279,2013/11/30 06:00,59
10279,2013/11/30 07:00,58
10279,2013/11/30 08:00,54
10279,2013/11/30 09:00,54
10279,2013/11/30 10:00,51
10279,2013/11/30 11:00,50
10279,2013/11/30 12:00,51
10279,2013/11/30 13:00,52
10279,2013/11/30 14:00,52
10279,2013/11/30 15:00,46
10279,2013/11/30 16:00,42
10279,2013/11/30 17:00,51
10279,2013/11/30 18:00,57
10279,2013/11/30 19:00,61
10279,2013/11/30 20:00,59
10279,2013/11/30 21:00,57
10279,2013/11/30 22:00,55
10279,2013/11/30 23:00,53
10279,2013/12/15 08:00,56
10279,2013/12/15 09:00,59
10279,2013/12/15 10:00,73
10279,2013/12/15 11:00,84
10279,2013/12/15 12:00,97
10279,2013/12/15 13:00,93
10279,2013/12/15 14:00,99
10279,2013/12/15 15:00,106
10279,2013/12/15 16:00,90
10279,2013/12/15 17:00,86
10279,2013/12/15 18:00,85
10279,2013/12/15 19:00,82
10279,2013/12/15 20:00,85
10279,2013/12/15 21:00,88
10279,2013/12/15 22:00,89
10279,2013/12/15 23:00,89
10279,2013/12/16 00:00,71
10279,2013/12/16 01:00,86
10279,2013/12/16 02:00,75
10279,2013/12/16 03:00,73
10279,2013/12/16 04:00,64
10279,2013/12/16 05:00,57
10279,2013/12/16 06:00,53
10279,2013/12/16 07:00,61
10279,2013/12/16 08:00,73
10279,2013/12/16 09:00,100
10279,2013/12/16 10:00,162
10279,2013/12/16 11:00,174
10279,2013/12/16 12:00,124
10279,2013/12/16 13:00,124
10279,2013/12/16 14:00,115
10279,2013/12/16 15:00,119
10279,2013/12/16 16:00,106
10279,2013/12/16 17:00,98
10279,2013/12/16 18:00,90
10279,2013/12/16 19:00,81
10279,2013/12/16 20:00,83
10279,2013/12/16 21:00,122
10279,2013/12/16 22:00,171
10279,2013/12/16 23:00,154
10279,2013/12/17 00:00,148
10279,2013/12/17 01:00,133
10279,2013/12/17 02:00,137
10279,2013/12/17 03:00,123
10279,2013/12/17 04:00,108
10279,2013/12/17 05:00,110
10279,2013/12/17 06:00,113
10279,2013/12/17 07:00,114
10279,2013/12/17 08:00,128
10279,2013/12/17 09:00,156
10279,2013/12/17 10:00,173
10279,2013/12/17 11:00,183
10279,2013/12/17 12:00,129
10279,2013/12/17 13:00,100
10279,2013/12/17 14:00,87
10279,2013/12/17 15:00,83
10279,2013/12/17 16:00,80
10279,2013/12/17 17:00,80
10279,2013/12/17 18:00,80
10279,2013/12/17 19:00,84
10279,2013/12/17 20:00,84
10279,2013/12/17 21:00,87
10279,2013/12/17 22:00,122
10279,2013/12/17 23:00,156
10279,2013/12/18 00:00,162
10279,2013/12/18 01:00,147
10279,2013/12/18 02:00,136
10279,2013/12/18 03:00,142
10279,2013/12/18 04:00,134
10279,2013/12/18 05:00,130
10279,2013/12/18 06:00,124
10279,2013/12/18 07:00,113
10279,2013/12/18 08:00,120
10279,2013/12/18 09:00,139
10279,2013/12/18 10:00,153
10279,2013/12/18 11:00,146
10279,2013/12/18 12:00,118
10279,2013/12/18 13:00,119
10279,2013/12/18 14:00,173
10279,2013/12/18 15:00,197
10279,2013/12/18 16:00,204
10279,2013/12/18 17:00,204
10279,2013/12/18 18:00,181
10279,2013/12/18 19:00,158
10279,2013/12/18 20:00,125
10279,2013/12/18 21:00,134
10279,2013/12/18 22:00,152
10279,2013/12/18 23:00,155
10279,2013/12/19 00:00,162
10279,2013/12/19 01:00,128
10279,2013/12/19 02:00,100
10279,2013/12/19 03:00,86
10279,2013/12/19 04:00,84
10279,2013/12/19 05:00,78
10279,2013/12/19 06:00,72
10279,2013/12/19 07:00,69
10279,2013/12/19 08:00,70
10279,2013/12/19 09:00,72
10279,2013/12/19 10:00,76
10279,2013/12/19 11:00,71
10279,2013/12/19 12:00,66
10279,2013/12/19 13:00,63
10279,2013/12/19 14:00,62
10279,2013/12/19 15:00,63
10279,2013/12/19 16:00,64
10279,2013/12/19 17:00,66
10279,2013/12/19 18:00,66
10279,2013/12/19 19:00,69
10279,2013/12/19 20:00,67
10279,2013/12/19 21:00,67
10279,2013/12/19 22:00,66
10279,2013/12/19 23:00,74
10279,2013/12/20 00:00,68
10279,2013/12/20 01:00,63
10279,2013/12/20 02:00,59
10279,2013/12/20 03:00,58
10279,2013/12/20 04:00,54
10279,2013/12/20 05:00,49
10279,2013/12/20 06:00,46
10279,2013/12/20 07:00,48
10279,2013/12/20 08:00,54
10279,2013/12/20 09:00,57
10279,2013/12/20 10:00,61
10279,2013/12/20 11:00,63
10279,2013/12/20 12:00,64
10279,2013/12/20 13:00,71
10279,2013/12/20 14:00,66
10279,2013/12/20 15:00,53
10279,2013/12/20 16:00,47
10279,2013/12/20 17:00,48
10279,2013/12/20 18:00,51
10279,2013/12/20 19:00,54
10279,2013/12/20 20:00,54
10279,2013/12/20 21:00,52
10279,2013/12/20 22:00,49
10279,2013/12/20 23:00,47
10279,2013/12/21 00:00,49
10279,2013/12/21 01:00,48
10279,2013/12/21 02:00,46
10279,2013/12/21 03:00,44
10279,2013/12/21 04:00,44
10279,2013/12/21 05:00,42
10279,2013/12/21 06:00,43
10279,2013/12/21 07:00,46
10279,2013/12/21 08:00,44
10279,2013/12/21 09:00,48
10279,2013/12/21 10:00,55
10279,2013/12/21 11:00,54
10279,2013/12/21 12:00,57
10279,2013/12/21 13:00,58
10279,2013/12/21 14:00,73
10279,2013/12/21 15:00,75
10279,2013/12/21 16:00,77
10279,2013/12/21 17:00,69
10279,2013/12/21 18:00,66
10279,2013/12/21 19:00,65
10279,2013/12/21 20:00,67
10279,2013/12/21 21:00,73
10279,2013/12/21 22:00,71
10279,2013/12/21 23:00,70
10279,2013/12/22 00:00,67
10279,2013/12/22 01:00,75
10279,2013/12/22 02:00,65
10279,2013/12/22 03:00,47
10279,2013/12/22 04:00,38
10279,2013/12/22 05:00,38
10279,2013/12/22 06:00,39
10279,2013/12/22 07:00,41
10279,2013/12/22 08:00,42
10279,2013/12/22 09:00,43
10279,2013/12/22 10:00,44
10279,2013/12/22 11:00,43
10279,2013/12/22 12:00,42
10279,2013/12/22 13:00,43
10279,2013/12/22 14:00,46
10279,2013/12/22 15:00,44
10279,2013/12/22 16:00,41
10279,2013/12/22 17:00,41
10279,2013/12/22 18:00,48
10279,2013/12/22 19:00,42
10279,2013/12/22 20:00,44
10279,2013/12/22 21:00,46
10279,2013/12/22 22:00,46
10279,2013/12/22 23:00,40
10279,2013/12/23 00:00,37
10279,2013/12/23 01:00,39
10279,2013/12/23 02:00,39
10279,2013/12/23 03:00,38
10279,2013/12/23 04:00,30
10279,2013/12/23 05:00,27
10279,2013/12/23 06:00,28
10279,2013/12/23 07:00,29
10279,2013/12/23 08:00,34
10279,2013/12/23 09:00,38
10279,2013/12/23 10:00,38
10279,2013/12/23 11:00,40
10279,2013/12/23 12:00,42
10279,2013/12/23 13:00,47
10279,2013/12/23 14:00,47
10279,2013/12/23 15:00,50
10279,2013/12/23 16:00,61
10279,2013/12/23 17:00,57
10279,2013/12/23 18:00,51
10279,2013/12/23 19:00,51
10279,2013/12/23 20:00,56
10279,2013/12/23 21:00,55
10279,2013/12/23 22:00,46
10279,2013/12/23 23:00,43
10279,2013/12/24 00:00,38
10279,2013/12/24 01:00,36
10279,2013/12/24 02:00,35
10279,2013/12/24 03:00,32
10279,2013/12/24 04:00,30
10279,2013/12/24 05:00,30
10279,2013/12/24 06:00,32
10279,2013/12/24 07:00,35
10279,2013/12/24 08:00,38
10279,2013/12/24 09:00,39
10279,2013/12/24 10:00,39
10279,2013/12/24 11:00,37
10279,2013/12/24 12:00,36
10279,2013/12/24 13:00,38
10279,2013/12/24 14:00,37
10279,2013/12/24 15:00,38
10279,2013/12/24 16:00,38
10279,2013/12/24 17:00,38
10279,2013/12/24 18:00,35
10279,2013/12/24 19:00,33
10279,2013/12/24 20:00,33
10279,2013/12/24 21:00,33
10279,2013/12/24 22:00,33
10279,2013/12/24 23:00,34
10279,2013/12/25 00:00,33
10279,2013/12/25 01:00,30
10279,2013/12/25 02:00,28
10279,2013/12/25 03:00,25
10279,2013/12/25 04:00,17
10279,2013/12/25 05:00,16
10279,2013/12/25 06:00,16
10279,2013/12/25 07:00,17
10279,2013/12/25 08:00,18
10279,2013/12/25 09:00,17
10279,2013/12/25 10:00,17
10279,2013/12/25 11:00,17
10279,2013/12/25 12:00,17
10279,2013/12/25 13:00,18
10279,2013/12/25 14:00,16
10279,2013/12/25 15:00,13
10279,2013/12/25 16:00,12
10279,2013/12/25 17:00,12
10279,2013/12/25 18:00,13
10279,2013/12/25 19:00,14
10279,2013/12/25 20:00,12
10279,2013/12/25 21:00,13
10279,2013/12/25 22:00,11
10279,2013/12/25 23:00,11
10279,2013/12/26 00:00,11
10279,2013/12/26 01:00,10
10279,2013/12/26 02:00,8
10279,2013/12/26 03:00,8
10279,2013/12/26 04:00,7
10279,2013/12/26 05:00,7
10279,2013/12/26 06:00,6
10279,2013/12/26 07:00,6
10279,2013/12/26 08:00,7
10279,2013/12/26 09:00,7
10279,2013/12/26 10:00,11
10279,2013/12/26 11:00,14
10279,2013/12/26 12:00,12
10279,2013/12/26 13:00,12
10279,2013/12/26 14:00,11
10279,2013/12/26 15:00,10
10279,2013/12/26 16:00,14
10279,2013/12/26 17:00,29
10279,2013/12/26 18:00,25
10279,2013/12/26 19:00,35
10279,2013/12/26 20:00,47
10279,2013/12/26 21:00,65
10279,2013/12/26 22:00,72
10279,2013/12/26 23:00,68
10279,2013/12/27 00:00,46
10279,2013/12/27 01:00,34
10279,2013/12/27 02:00,32
10279,2013/12/27 03:00,28
10279,2013/12/27 04:00,24
10279,2013/12/27 05:00,23
10279,2013/12/27 06:00,38
10279,2013/12/27 07:00,30
10279,2013/12/27 08:00,42
10279,2013/12/27 09:00,47
10279,2013/12/27 10:00,49
10279,2013/12/27 11:00,58
10279,2013/12/27 12:00,56
10279,2013/12/27 13:00,55
10279,2013/12/27 14:00,60
10279,2013/12/27 15:00,87
10279,2013/12/27 16:00,86
10279,2013/12/27 17:00,86
10279,2013/12/27 18:00,80
10279,2013/12/27 19:00,84
10279,2013/12/27 20:00,86
10279,2013/12/27 21:00,89
10279,2013/12/27 22:00,77
10279,2013/12/27 23:00,71
10279,2013/12/28 00:00,60
10279,2013/12/28 01:00,54
10279,2013/12/28 02:00,56
10279,2013/12/28 03:00,56
10279,2013/12/28 04:00,51
10279,2013/12/28 05:00,46
10279,2013/12/28 06:00,40
10279,2013/12/28 07:00,48
10279,2013/12/28 08:00,46
10279,2013/12/28 09:00,50
10279,2013/12/28 10:00,45
10279,2013/12/28 11:00,42
10279,2013/12/28 12:00,43
10279,2013/12/28 13:00,42
10279,2013/12/28 14:00,42
10279,2013/12/28 15:00,40
10279,2013/12/28 16:00,41
10279,2013/12/28 17:00,44
10279,2013/12/28 18:00,45
10279,2013/12/28 19:00,52
10279,2013/12/28 20:00,55
10279,2013/12/28 21:00,50
10279,2013/12/28 22:00,42
10279,2013/12/28 23:00,37
10279,2013/12/29 00:00,39
10279,2013/12/29 01:00,42
10279,2013/12/29 02:00,42
10279,2013/12/29 03:00,40
10279,2013/12/29 04:00,38
10279,2013/12/29 05:00,38
10279,2013/12/29 06:00,38
10279,2013/12/29 07:00,38
10279,2013/12/29 08:00,33
10279,2013/12/29 09:00,37
10279,2013/12/29 10:00,33
10279,2013/12/29 11:00,34
10279,2013/12/29 12:00,38
10279,2013/12/29 13:00,38
10279,2013/12/29 14:00,34
10279,2013/12/29 15:00,32
10279,2013/12/29 16:00,32
10279,2013/12/29 17:00,38
10279,2013/12/29 18:00,38
10279,2013/12/29 19:00,48
10279,2013/12/29 20:00,51
10279,2013/12/29 21:00,48
10279,2013/12/29 22:00,48
10279,2013/12/29 23:00,40
10279,2013/12/30 00:00,45
10279,2013/12/30 01:00,45
10279,2013/12/30 02:00,51
10279,2013/12/30 03:00,46
10279,2013/12/30 04:00,39
10279,2013/12/30 05:00,35
10279,2013/12/30 06:00,33
10279,2013/12/30 07:00,34
10279,2013/12/30 08:00,44
10279,2013/12/30 09:00,52
10279,2013/12/30 10:00,70
10279,2013/12/30 11:00,80
10279,2013/12/30 12:00,45
10279,2013/12/30 13:00,37
10279,2013/12/30 14:00,26
10279,2013/12/30 15:00,25
10279,2013/12/30 16:00,32
10279,2013/12/30 17:00,45
10279,2013/12/30 18:00,61
10279,2013/12/30 19:00,63
10279,2013/12/30 20:00,63
10279,2013/12/30 21:00,67
10279,2013/12/30 22:00,68
10279,2013/12/30 23:00,62
10279,2013/12/31 00:00,58
10279,2013/12/31 01:00,56
10279,2013/12/31 02:00,52
10279,2013/12/31 03:00,54
10279,2013/12/31 04:00,51
10279,2013/12/31 05:00,50
10279,2013/12/31 06:00,48
10279,2013/12/31 07:00,50
10279,2013/12/31 08:00,47
10279,2013/12/31 09:00,58
10279,2013/12/31 10:00,64
10279,2013/12/31 11:00,71
10279,2013/12/31 12:00,59
10279,2013/12/31 13:00,51
10279,2013/12/31 14:00,50
10279,2013/12/31 15:00,52
10279,2013/12/31 16:00,63
10279,2013/12/31 17:00,63
10279,2013/12/31 18:00,70
10279,2013/12/31 19:00,69
10279,2013/12/31 20:00,65
10279,2013/12/31 21:00,60
10279,2013/12/31 22:00,64
10279,2013/12/31 23:00,75
10279,2013/12/01 01:00,46
10279,2013/12/01 02:00,45
10279,2013/12/01 03:00,44
10279,2013/12/01 04:00,43
10279,2013/12/01 05:00,41
10279,2013/12/01 06:00,41
10279,2013/12/01 07:00,40
10279,2013/12/01 08:00,37
10279,2013/12/01 09:00,37
10279,2013/12/01 10:00,53
10279,2013/12/01 11:00,63
10279,2013/12/01 12:00,62
10279,2013/12/01 13:00,51
10279,2013/12/01 14:00,49
10279,2013/12/01 15:00,42
10279,2013/12/01 16:00,33
10279,2013/12/01 17:00,40
10279,2013/12/01 18:00,53
10279,2013/12/01 19:00,61
10279,2013/12/01 20:00,70
10279,2013/12/01 21:00,75
10279,2013/12/01 22:00,74
10279,2013/12/01 23:00,68
10279,2013/12/02 00:00,63
10279,2013/12/02 01:00,64
10279,2013/12/02 02:00,61
10279,2013/12/02 03:00,53
10279,2013/12/02 04:00,47
10279,2013/12/02 05:00,43
10279,2013/12/02 06:00,43
10279,2013/12/02 07:00,43
10279,2013/12/02 08:00,51
10279,2013/12/02 09:00,61
10279,2013/12/02 10:00,71
10279,2013/12/02 11:00,80
10279,2013/12/02 12:00,87
10279,2013/12/02 13:00,110
10279,2013/12/02 14:00,115
10279,2013/12/02 15:00,97
10279,2013/12/02 16:00,69
10279,2013/12/02 17:00,66
10279,2013/12/02 18:00,69
10279,2013/12/02 19:00,72
10279,2013/12/02 20:00,68
10279,2013/12/02 21:00,68
10279,2013/12/02 22:00,69
10279,2013/12/02 23:00,70
10279,2013/12/03 00:00,74
10279,2013/12/03 01:00,69
10279,2013/12/03 02:00,63
10279,2013/12/03 03:00,58
10279,2013/12/03 04:00,54
10279,2013/12/03 05:00,49
10279,2013/12/03 06:00,47
10279,2013/12/03 07:00,46
10279,2013/12/03 08:00,51
10279,2013/12/03 09:00,97
10279,2013/12/03 10:00,110
10279,2013/12/03 11:00,93
10279,2013/12/03 12:00,103
10279,2013/12/03 13:00,104
10279,2013/12/03 14:00,106
10279,2013/12/03 15:00,107
10279,2013/12/03 16:00,99
10279,2013/12/03 17:00,90
10279,2013/12/03 18:00,84
10279,2013/12/03 19:00,75
10279,2013/12/03 20:00,79
10279,2013/12/03 21:00,82
10279,2013/12/03 22:00,111
10279,2013/12/03 23:00,128
10279,2013/12/04 00:00,143
10279,2013/12/04 01:00,145
10279,2013/12/04 02:00,133
10279,2013/12/04 03:00,102
10279,2013/12/04 04:00,82
10279,2013/12/04 05:00,62
10279,2013/12/04 06:00,51
10279,2013/12/04 07:00,45
10279,2013/12/04 08:00,45
10279,2013/12/04 09:00,51
10279,2013/12/04 10:00,58
10279,2013/12/04 11:00,61
10279,2013/12/04 12:00,57
10279,2013/12/04 13:00,55
10279,2013/12/04 14:00,55
10279,2013/12/04 15:00,59
10279,2013/12/04 16:00,61
10279,2013/12/04 17:00,64
10279,2013/12/04 18:00,68
10279,2013/12/04 19:00,76
10279,2013/12/04 20:00,75
10279,2013/12/04 21:00,78
10279,2013/12/04 22:00,113
10279,2013/12/04 23:00,112
10279,2013/12/05 00:00,88
10279,2013/12/05 01:00,76
10279,2013/12/05 02:00,91
10279,2013/12/05 03:00,81
10279,2013/12/05 04:00,73
10279,2013/12/05 05:00,70
10279,2013/12/05 06:00,67
10279,2013/12/05 07:00,75
10279,2013/12/05 08:00,93
10279,2013/12/05 09:00,104
10279,2013/12/05 10:00,125
10279,2013/12/05 11:00,128
10279,2013/12/05 12:00,115
10279,2013/12/05 13:00,103
10279,2013/12/05 14:00,93
10279,2013/12/05 15:00,98
10279,2013/12/05 16:00,95
10279,2013/12/05 17:00,89
10279,2013/12/05 18:00,91
10279,2013/12/05 19:00,91
10279,2013/12/05 20:00,94
10279,2013/12/05 21:00,101
10279,2013/12/05 22:00,107
10279,2013/12/05 23:00,103
10279,2013/12/06 00:00,114
10279,2013/12/06 01:00,102
10279,2013/12/06 02:00,90
10279,2013/12/06 03:00,84
10279,2013/12/06 04:00,71
10279,2013/12/06 05:00,65
10279,2013/12/06 06:00,58
10279,2013/12/06 07:00,58
10279,2013/12/06 08:00,61
10279,2013/12/06 09:00,60
10279,2013/12/06 10:00,56
10279,2013/12/06 11:00,50
10279,2013/12/06 12:00,49
10279,2013/12/06 13:00,48
10279,2013/12/06 14:00,46
10279,2013/12/06 15:00,53
10279,2013/12/06 16:00,62
10279,2013/12/06 17:00,63
10279,2013/12/06 18:00,66
10279,2013/12/06 19:00,70
10279,2013/12/06 20:00,70
10279,2013/12/06 21:00,76
10279,2013/12/06 22:00,75
10279,2013/12/06 23:00,71
10279,2013/12/07 00:00,71
10279,2013/12/07 01:00,54
10279,2013/12/07 02:00,49
10279,2013/12/07 03:00,49
10279,2013/12/07 04:00,49
10279,2013/12/07 05:00,49
10279,2013/12/07 06:00,47
10279,2013/12/07 07:00,47
10279,2013/12/07 08:00,51
10279,2013/12/07 09:00,60
10279,2013/12/07 10:00,71
10279,2013/12/07 11:00,81
10279,2013/12/07 12:00,88
10279,2013/12/07 13:00,79
10279,2013/12/07 14:00,61
10279,2013/12/07 15:00,54
10279,2013/12/07 16:00,57
10279,2013/12/07 17:00,60
10279,2013/12/07 18:00,61
10279,2013/12/07 19:00,57
10279,2013/12/07 20:00,57
10279,2013/12/07 21:00,60
10279,2013/12/07 22:00,60
10279,2013/12/07 23:00,57
10279,2013/12/08 00:00,55
10279,2013/12/08 01:00,55
10279,2013/12/08 02:00,53
10279,2013/12/08 03:00,49
10279,2013/12/08 04:00,45
10279,2013/12/08 05:00,43
10279,2013/12/08 06:00,39
10279,2013/12/08 07:00,42
10279,2013/12/08 08:00,44
10279,2013/12/08 09:00,44
10279,2013/12/08 10:00,42
10279,2013/12/08 11:00,46
10279,2013/12/08 12:00,48
10279,2013/12/08 13:00,50
10279,2013/12/08 14:00,51
10279,2013/12/08 15:00,56
10279,2013/12/08 16:00,58
10279,2013/12/08 17:00,62
10279,2013/12/08 18:00,63
10279,2013/12/08 19:00,64
10279,2013/12/08 20:00,61
10279,2013/12/08 21:00,61
10279,2013/12/08 22:00,60
10279,2013/12/08 23:00,62
10279,2013/12/09 00:00,61
10279,2013/12/09 01:00,64
10279,2013/12/09 02:00,61
10279,2013/12/09 03:00,56
10279,2013/12/09 04:00,52
10279,2013/12/09 05:00,49
10279,2013/12/09 06:00,46
10279,2013/12/09 07:00,44
10279,2013/12/09 08:00,47
10279,2013/12/09 09:00,52
10279,2013/12/09 10:00,59
10279,2013/12/09 11:00,64
10279,2013/12/09 12:00,70
10279,2013/12/09 13:00,72
10279,2013/12/09 14:00,61
10279,2013/12/09 15:00,58
10279,2013/12/09 16:00,54
10279,2013/12/09 17:00,52
10279,2013/12/09 18:00,50
10279,2013/12/09 19:00,52
10279,2013/12/09 20:00,53
10279,2013/12/09 21:00,64
10279,2013/12/09 22:00,65
10279,2013/12/09 23:00,64
10279,2013/12/10 00:00,62
10279,2013/12/10 01:00,53
10279,2013/12/10 02:00,44
10279,2013/12/10 03:00,41
10279,2013/12/10 04:00,39
10279,2013/12/10 05:00,38
10279,2013/12/10 06:00,39
10279,2013/12/10 07:00,45
10279,2013/12/10 08:00,47
10279,2013/12/10 09:00,61
10279,2013/12/10 10:00,97
10279,2013/12/10 11:00,92
10279,2013/12/10 12:00,95
10279,2013/12/10 13:00,103
10279,2013/12/10 14:00,125
10279,2013/12/10 15:00,133
10279,2013/12/10 16:00,103
10279,2013/12/10 17:00,90
10279,2013/12/10 18:00,92
10279,2013/12/10 19:00,88
10279,2013/12/10 20:00,80
10279,2013/12/10 21:00,86
10279,2013/12/10 22:00,94
10279,2013/12/10 23:00,87
10279,2013/12/11 00:00,88
10279,2013/12/11 01:00,88
10279,2013/12/11 02:00,84
10279,2013/12/11 03:00,78
10279,2013/12/11 04:00,75
10279,2013/12/11 05:00,73
10279,2013/12/11 06:00,73
10279,2013/12/11 07:00,83
10279,2013/12/11 08:00,95
10279,2013/12/11 09:00,99
10279,2013/12/11 10:00,94
10279,2013/12/11 11:00,132
10279,2013/12/11 12:00,98
10279,2013/12/11 13:00,92
10279,2013/12/11 14:00,94
10279,2013/12/11 15:00,101
10279,2013/12/11 16:00,98
10279,2013/12/11 17:00,88
10279,2013/12/11 18:00,85
10279,2013/12/11 19:00,96
10279,2013/12/11 20:00,87
10279,2013/12/11 21:00,87
10279,2013/12/11 22:00,89
10279,2013/12/11 23:00,84
10279,2013/12/12 00:00,86
10279,2013/12/12 01:00,87
10279,2013/12/12 02:00,85
10279,2013/12/12 03:00,86
10279,2013/12/12 04:00,85
10279,2013/12/12 05:00,88
10279,2013/12/12 06:00,84
10279,2013/12/12 07:00,73
10279,2013/12/12 08:00,68
10279,2013/12/12 09:00,78
10279,2013/12/12 10:00,99
10279,2013/12/12 11:00,110
10279,2013/12/12 12:00,131
10279,2013/12/12 13:00,125
10279,2013/12/12 14:00,121
10279,2013/12/12 15:00,125
10279,2013/12/12 16:00,135
10279,2013/12/12 17:00,136
10279,2013/12/12 18:00,117
10279,2013/12/12 19:00,119
10279,2013/12/12 20:00,118
10279,2013/12/12 21:00,118
10279,2013/12/12 22:00,104
10279,2013/12/12 23:00,97
10279,2013/12/13 00:00,97
10279,2013/12/13 01:00,85
10279,2013/12/13 02:00,77
10279,2013/12/13 03:00,73
10279,2013/12/13 04:00,56
10279,2013/12/13 05:00,45
10279,2013/12/13 06:00,40
10279,2013/12/13 07:00,38
10279,2013/12/13 08:00,44
10279,2013/12/13 09:00,55
10279,2013/12/13 10:00,110
10279,2013/12/13 11:00,101
10279,2013/12/13 12:00,80
10279,2013/12/13 13:00,76
10279,2013/12/13 14:00,78
10279,2013/12/13 15:00,80
10279,2013/12/13 16:00,89
10279,2013/12/13 17:00,87
10279,2013/12/13 18:00,90
10279,2013/12/13 19:00,103
10279,2013/12/13 20:00,103
10279,2013/12/13 21:00,139
10279,2013/12/13 22:00,143
10279,2013/12/13 23:00,117
10279,2013/12/14 00:00,94
10279,2013/12/14 01:00,79
10279,2013/12/14 02:00,76
10279,2013/12/14 03:00,73
10279,2013/12/14 04:00,73
10279,2013/12/14 05:00,62
10279,2013/12/14 06:00,58
10279,2013/12/14 07:00,62
10279,2013/12/14 08:00,69
10279,2013/12/14 09:00,71
10279,2013/12/14 10:00,78
10279,2013/12/14 11:00,92
10279,2013/12/14 12:00,93
10279,2013/12/14 13:00,73
10279,2013/12/14 14:00,63
10279,2013/12/14 15:00,56
10279,2013/12/14 16:00,57
10279,2013/12/14 17:00,68
10279,2013/12/14 18:00,88
10279,2013/12/14 19:00,91
10279,2013/12/14 20:00,87
10279,2013/12/14 21:00,91
10279,2013/12/14 22:00,107
10279,2013/12/14 23:00,117
10279,2013/12/15 00:00,107
10279,2013/12/15 01:00,84
10279,2013/12/15 02:00,63
10279,2013/12/15 03:00,56
10279,2013/12/15 04:00,57
10279,2013/12/15 05:00,53
10279,2013/12/15 06:00,52
10279,2013/12/15 07:00,54
10279,2013/11/01 01:00,52
10279,2013/11/01 02:00,51
10279,2013/11/01 03:00,50
10279,2013/11/01 04:00,59
10279,2013/11/01 05:00,63
10279,2013/11/01 06:00,56
10279,2013/11/01 07:00,56
10279,2013/11/01 08:00,50
10279,2013/11/01 09:00,47
10279,2013/11/01 10:00,57
10279,2013/11/01 11:00,57
10279,2013/11/01 12:00,66
10279,2013/11/01 13:00,59
10279,2013/11/01 14:00,48
10279,2013/11/01 15:00,49
10279,2013/11/01 16:00,54
10279,2013/11/01 17:00,50
10279,2013/11/01 18:00,54
10279,2013/11/01 19:00,52
10279,2013/11/01 20:00,53
10279,2013/11/01 21:00,61
10279,2013/11/01 22:00,61
10279,2013/11/01 23:00,55
10279,2013/11/02 00:00,51
10279,2013/11/02 01:00,54
10279,2013/11/02 02:00,53
10279,2013/11/02 03:00,53
10279,2013/11/02 04:00,51
10279,2013/11/02 05:00,47
10279,2013/11/02 06:00,47
10279,2013/11/02 07:00,47
10279,2013/11/02 08:00,47
10279,2013/11/02 09:00,45
10279,2013/11/02 10:00,46
10279,2013/11/02 11:00,48
10279,2013/11/02 12:00,40
10279,2013/11/02 13:00,39
10279,2013/11/02 14:00,40
10279,2013/11/02 15:00,38
10279,2013/11/02 16:00,41
10279,2013/11/02 17:00,51
10279,2013/11/02 18:00,55
10279,2013/11/02 19:00,57
10279,2013/11/02 20:00,61
10279,2013/11/02 21:00,59
10279,2013/11/02 22:00,51
10279,2013/11/02 23:00,51
10279,2013/11/03 00:00,51
10279,2013/11/03 01:00,58
10279,2013/11/03 02:00,59
10279,2013/11/03 03:00,52
10279,2013/11/03 04:00,57
10279,2013/11/03 05:00,55
10279,2013/11/03 06:00,48
10279,2013/11/03 07:00,46
10279,2013/11/03 08:00,40
10279,2013/11/03 09:00,34
10279,2013/11/03 10:00,37
10279,2013/11/03 11:00,41
10279,2013/11/03 12:00,36
10279,2013/11/03 13:00,34
10279,2013/11/03 14:00,34
10279,2013/11/03 15:00,28
10279,2013/11/03 16:00,26
10279,2013/11/03 17:00,29
10279,2013/11/03 18:00,54
10279,2013/11/03 19:00,78
10279,2013/11/03 20:00,72
10279,2013/11/03 21:00,72
10279,2013/11/03 22:00,74
10279,2013/11/03 23:00,68
10279,2013/11/04 00:00,63
10279,2013/11/04 01:00,52
10279,2013/11/04 02:00,39
10279,2013/11/04 03:00,36
10279,2013/11/04 04:00,34
10279,2013/11/04 05:00,34
10279,2013/11/04 06:00,33
10279,2013/11/04 07:00,32
10279,2013/11/04 08:00,36
10279,2013/11/04 09:00,38
10279,2013/11/04 10:00,39
10279,2013/11/04 11:00,43
10279,2013/11/04 12:00,47
10279,2013/11/04 13:00,49
10279,2013/11/04 14:00,52
10279,2013/11/04 15:00,48
10279,2013/11/04 16:00,45
10279,2013/11/04 17:00,47
10279,2013/11/04 18:00,44
10279,2013/11/04 19:00,47
10279,2013/11/04 20:00,42
10279,2013/11/04 21:00,45
10279,2013/11/04 22:00,41
10279,2013/11/04 23:00,48
10279,2013/11/05 00:00,43
10279,2013/11/05 01:00,48
10279,2013/11/05 02:00,44
10279,2013/11/05 03:00,46
10279,2013/11/05 04:00,41
10279,2013/11/05 05:00,34
10279,2013/11/05 06:00,36
10279,2013/11/05 07:00,37
10279,2013/11/05 08:00,44
10279,2013/11/05 09:00,55
10279,2013/11/05 10:00,53
10279,2013/11/05 11:00,46
10279,2013/11/05 12:00,38
10279,2013/11/05 13:00,37
10279,2013/11/05 14:00,33
10279,2013/11/05 15:00,34
10279,2013/11/05 16:00,45
10279,2013/11/05 17:00,56
10279,2013/11/05 18:00,64
10279,2013/11/05 19:00,66
10279,2013/11/05 20:00,69
10279,2013/11/05 21:00,81
10279,2013/11/05 22:00,78
10279,2013/11/05 23:00,59
10279,2013/11/06 00:00,55
10279,2013/11/06 01:00,53
10279,2013/11/06 02:00,50
10279,2013/11/06 03:00,56
10279,2013/11/06 04:00,62
10279,2013/11/06 05:00,63
10279,2013/11/06 06:00,52
10279,2013/11/06 07:00,55
10279,2013/11/06 08:00,57
10279,2013/11/06 09:00,66
10279,2013/11/06 10:00,68
10279,2013/11/06 11:00,64
10279,2013/11/06 12:00,48
10279,2013/11/06 13:00,35
10279,2013/11/06 14:00,34
10279,2013/11/06 15:00,30
10279,2013/11/06 16:00,41
10279,2013/11/06 17:00,61
10279,2013/11/06 18:00,93
10279,2013/11/06 19:00,98
10279,2013/11/06 20:00,81
10279,2013/11/06 21:00,78
10279,2013/11/06 22:00,66
10279,2013/11/06 23:00,59
10279,2013/11/07 00:00,53
10279,2013/11/07 01:00,52
10279,2013/11/07 02:00,51
10279,2013/11/07 03:00,50
10279,2013/11/07 04:00,44
10279,2013/11/07 05:00,40
10279,2013/11/07 06:00,39
10279,2013/11/07 07:00,37
10279,2013/11/07 08:00,49
10279,2013/11/07 09:00,63
10279,2013/11/07 10:00,67
10279,2013/11/07 11:00,51
10279,2013/11/07 12:00,45
10279,2013/11/07 13:00,44
10279,2013/11/07 14:00,47
10279,2013/11/07 15:00,53
10279,2013/11/07 16:00,63
10279,2013/11/07 17:00,64
10279,2013/11/07 18:00,68
10279,2013/11/07 19:00,72
10279,2013/11/07 20:00,73
10279,2013/11/07 21:00,78
10279,2013/11/07 22:00,69
10279,2013/11/07 23:00,63
10279,2013/11/08 00:00,63
10279,2013/11/08 01:00,61
10279,2013/11/08 02:00,58
10279,2013/11/08 03:00,55
10279,2013/11/08 04:00,55
10279,2013/11/08 05:00,54
10279,2013/11/08 06:00,57
10279,2013/11/08 07:00,62
10279,2013/11/08 08:00,61
10279,2013/11/08 09:00,65
10279,2013/11/08 10:00,63
10279,2013/11/08 11:00,56
10279,2013/11/08 12:00,55
10279,2013/11/08 13:00,54
10279,2013/11/08 14:00,54
10279,2013/11/08 15:00,56
10279,2013/11/08 16:00,55
10279,2013/11/08 17:00,55
10279,2013/11/08 18:00,57
10279,2013/11/08 19:00,57
10279,2013/11/08 20:00,57
10279,2013/11/08 21:00,54
10279,2013/11/08 22:00,55
10279,2013/11/08 23:00,53
10279,2013/11/09 00:00,52
10279,2013/11/09 01:00,51
10279,2013/11/09 02:00,49
10279,2013/11/09 03:00,41
10279,2013/11/09 04:00,37
10279,2013/11/09 05:00,37
10279,2013/11/09 06:00,33
10279,2013/11/09 07:00,35
10279,2013/11/09 08:00,38
10279,2013/11/09 09:00,39
10279,2013/11/09 10:00,41
10279,2013/11/09 11:00,43
10279,2013/11/09 12:00,45
10279,2013/11/09 13:00,43
10279,2013/11/09 14:00,44
10279,2013/11/09 15:00,43
10279,2013/11/09 16:00,47
10279,2013/11/09 17:00,50
10279,2013/11/09 18:00,56
10279,2013/11/09 19:00,58
10279,2013/11/09 20:00,61
10279,2013/11/09 21:00,57
10279,2013/11/09 22:00,55
10279,2013/11/09 23:00,58
10279,2013/11/10 00:00,51
10279,2013/11/10 01:00,56
10279,2013/11/10 02:00,57
10279,2013/11/10 03:00,42
10279,2013/11/10 04:00,37
10279,2013/11/10 05:00,33
10279,2013/11/10 06:00,34
10279,2013/11/10 07:00,33
10279,2013/11/10 08:00,33
10279,2013/11/10 09:00,31
10279,2013/11/10 10:00,29
10279,2013/11/10 11:00,28
10279,2013/11/10 12:00,22
10279,2013/11/10 13:00,21
10279,2013/11/10 14:00,24
10279,2013/11/10 15:00,20
10279,2013/11/10 16:00,24
10279,2013/11/10 17:00,36
10279,2013/11/10 18:00,45
10279,2013/11/10 19:00,45
10279,2013/11/10 20:00,38
10279,2013/11/10 21:00,26
10279,2013/11/10 22:00,16
10279,2013/11/10 23:00,13
10279,2013/11/11 00:00,17
10279,2013/11/11 01:00,12
10279,2013/11/11 02:00,9
10279,2013/11/11 03:00,9
10279,2013/11/11 04:00,8
10279,2013/11/11 05:00,8
10279,2013/11/11 06:00,11
10279,2013/11/11 07:00,26
10279,2013/11/11 08:00,52
10279,2013/11/11 09:00,67
10279,2013/11/11 10:00,44
10279,2013/11/11 11:00,32
10279,2013/11/11 12:00,25
10279,2013/11/11 13:00,24
10279,2013/11/11 14:00,23
10279,2013/11/11 15:00,25
10279,2013/11/11 16:00,49
10279,2013/11/11 17:00,73
10279,2013/11/11 18:00,78
10279,2013/11/11 19:00,84
10279,2013/11/11 20:00,84
10279,2013/11/11 21:00,93
10279,2013/11/11 22:00,87
10279,2013/11/11 23:00,77
10279,2013/11/12 00:00,77
10279,2013/11/12 01:00,82
10279,2013/11/12 02:00,79
10279,2013/11/12 03:00,76
10279,2013/11/12 04:00,63
10279,2013/11/12 05:00,63
10279,2013/11/12 06:00,59
10279,2013/11/12 07:00,59
10279,2013/11/12 08:00,78
10279,2013/11/12 09:00,70
10279,2013/11/12 10:00,77
10279,2013/11/12 11:00,80
10279,2013/11/12 12:00,70
10279,2013/11/12 13:00,58
10279,2013/11/12 14:00,56
10279,2013/11/12 15:00,50
10279,2013/11/12 16:00,59
10279,2013/11/12 17:00,79
10279,2013/11/12 18:00,89
10279,2013/11/12 19:00,80
10279,2013/11/12 20:00,86
10279,2013/11/12 21:00,119
10279,2013/11/12 22:00,110
10279,2013/11/12 23:00,102
10279,2013/11/13 00:00,111
10279,2013/11/13 01:00,90
10279,2013/11/13 02:00,72
10279,2013/11/13 03:00,59
10279,2013/11/13 04:00,68
10279,2013/11/13 05:00,78
10279,2013/11/13 06:00,53
10279,2013/11/13 07:00,53
10279,2013/11/13 08:00,68
10279,2013/11/13 09:00,100
10279,2013/11/13 10:00,117
10279,2013/11/13 11:00,126
10279,2013/11/13 12:00,130
10279,2013/11/13 13:00,113
10279,2013/11/13 14:00,82
10279,2013/11/13 15:00,72
10279,2013/11/13 16:00,75
10279,2013/11/13 17:00,78
10279,2013/11/13 18:00,83
10279,2013/11/13 19:00,89
10279,2013/11/13 20:00,93
10279,2013/11/13 21:00,95
10279,2013/11/13 22:00,101
10279,2013/11/13 23:00,105
10279,2013/11/14 00:00,107
10279,2013/11/14 01:00,106
10279,2013/11/14 02:00,97
10279,2013/11/14 04:00,80
10279,2013/11/14 05:00,65
10279,2013/11/14 06:00,58
10279,2013/11/14 07:00,57
10279,2013/11/14 08:00,60
10279,2013/11/14 09:00,58
10279,2013/11/14 10:00,52
10279,2013/11/14 11:00,44
10279,2013/11/14 12:00,40
10279,2013/11/14 13:00,40
10279,2013/11/14 14:00,40
10279,2013/11/14 15:00,37
10279,2013/11/14 16:00,46
10279,2013/11/14 17:00,51
10279,2013/11/14 18:00,51
10279,2013/11/14 19:00,50
10279,2013/11/14 20:00,49
10279,2013/11/14 21:00,43
10279,2013/11/14 22:00,39
10279,2013/11/14 23:00,37
10279,2013/11/15 00:00,34
10279,2013/11/15 01:00,31
10279,2013/11/15 02:00,19
10279,2013/11/15 03:00,16
10279,2013/11/15 04:00,14
10279,2013/11/15 05:00,18
10279,2013/11/15 06:00,19
10279,2013/11/15 07:00,35
10279,2013/11/15 08:00,49
10279,2013/11/15 09:00,53
